record_id,source_file,source_stem,run_timestamp,Name,dp_index,P27,P46,P47,P50,P51,P52,P39,P40,P45,P56,P59,P60,P61,P62,P66,P67,P68,P69,P70,P71,P72,P73,P74,P75,P76,P77,P78,P79,P80,P81,P82,P83,P84,P85,P86,P87,P88,P89,P90,P91,distance_to_ideal
71,Расчет 1 1000.csv,Расчет 1 1000,04/01/2026 10:08:30,DP 10,10,0.6,1,1000,9.866879223893614e-07,8.502289077828646e-08,919.75,0.0192286149999999,0.095560082,0.00301501,0.0001238013129999,0.00295023,0.1208777383130001,0.217862643,0.3387403813130001,0.15739055,1088.88,-0.095700585,-0.000140503,0.085946317,-1.6701687e-05,0.60006478,-0.1149292,0.60301501,-0.30380896,10303.502,5.5036207,1073.1413,0.84459817,1095.0615,1002.552,6182.1012,0.15739055,0.84459817,0.15540183,0.088744585,0.79420706,0.2057967,0.5714285714285714,7.5880291,146.22083,0.807599511088347
72,Расчет 1 1000.csv,Расчет 1 1000,04/01/2026 10:08:30,DP 11,11,0.55,1,1000,9.866879223893614e-07,8.502289077828646e-08,878.55,0.0226421,0.11003320999,0.0037000499999999,0.000144531905,0.0036244199999999,0.1401443118949999,0.231970453,0.3721147648949999,0.14789002,1093.0939,-0.11019724,-0.00016403001,0.098744787,-1.9498105e-05,0.55007563,-0.13283934,0.55370005,-0.33071524,12028.646,5.5336039,1073.1891,0.82359935,1100.9727,983.71049,6615.755300000001,0.14789002,0.82359935,0.17640065,0.078349694,0.76522469,0.23477907,0.5238095238095238,7.5151161,148.11341,0.8081561552884425
73,Расчет 1 1000.csv,Расчет 1 1000,04/01/2026 10:08:30,DP 12,12,0.5,1,1000,9.866879223893614e-07,8.502289077828646e-08,831.65,0.0263222899999999,0.12401085617,0.0044270199999999,0.000165612046,0.0043403599999999,0.1592661382159998,0.2466004399999999,0.4058665782159998,0.13800674,1097.51,-0.12419881,-0.00018795383,0.1109373,-2.2341784e-05,0.50008666,-0.1505211,0.50442702,-0.35753774,13782.944,5.5587832,1072.8874,0.80224525,1107.3022,962.04538,6891.472,0.13800674,0.80224525,0.19775475,0.068759118,0.73580856,0.26419519,0.4761904761904761,7.4387375,149.82885,0.8210210728444417
70,Расчет 1 1000.csv,Расчет 1 1000,04/01/2026 10:08:30,DP 9,9,0.65,1,1000,9.866879223893614e-07,8.502289077828646e-08,956.45,0.0158519099999999,0.07994755616,0.0023805199999999,0.000102779874,0.0023267399999999,0.1006095060339999,0.206112323,0.3067218290339999,0.16681083,1085.1838,-0.080064202,-0.00011664584,0.072006197,-1.3865966e-05,0.65005378,-0.095916112,0.65238052,-0.27811852,8554.109,5.4837813,1073.1284,0.86589152,1089.8777,1019.3278,5560.17085,0.16681083,0.86589152,0.13410848,0.10162571,0.82348672,0.17651703,0.619047619047619,7.6625095,144.11957,0.821848423391862
69,Расчет 1 1000.csv,Расчет 1 1000,04/01/2026 10:08:30,DP 8,8,0.7,1,1000,9.866879223893614e-07,8.502289077828646e-08,989.95,0.0123433719999999,0.062726893647,0.00180298,8.0430461e-05,0.00176089,0.078714566108,0.197906061,0.276620627108,0.17659892,1081.7588,-0.062818175,-9.1281353e-05,0.056534559,-1.0850892e-05,0.70004209,-0.075161547,0.70180298,-0.25444062,6694.0682,5.4694289,1073.1044,0.8885312,1085.1271,1034.6797,4685.847739999999,0.17659892,0.8885312,0.1114688,0.12196515,0.85484995,0.1451538,0.6666666666666666,7.733271,141.71368,0.8538004626417384
74,Расчет 1 1000.csv,Расчет 1 1000,04/01/2026 10:08:30,DP 13,13,0.4,1,1000,9.866879223893614e-07,8.502289077828646e-08,730.95,0.0320470799999999,0.15255751276,0.0060731099999999,0.000210843495,0.0059627899999999,0.1968513362549999,0.27974767,0.4765990062549999,0.11600594,1118.1595,-0.1527968,-0.00023928724,0.13675496,-2.8443745e-05,0.40011032,-0.18484388,0.40607311,-0.41650263,17547.312,6.148516,1082.6324,0.75642489,1132.3113,921.29709,7018.924800000001,0.11600594,0.75642489,0.24357511,0.050446404,0.67452575,0.325478,0.3809523809523809,7.344348,154.63107,0.885081174366427
68,Расчет 1 1000.csv,Расчет 1 1000,04/01/2026 10:08:30,DP 7,7,0.75,1,1000,9.866879223893614e-07,8.502289077828646e-08,1018.05,0.008997381,0.045802575601,0.00128985,5.8707177e-05,0.0012591299999999,0.057407643778,0.18880867,0.246216313778,0.18589401,1078.6241,-0.045869203,-6.6627399e-05,0.04128458,-7.920222e-06,0.75003072,-0.054866584,0.75128985,-0.23009325,4886.0955,5.4517613,1072.8905,0.91053657,1080.87,1047.5043,3664.571625000001,0.18589401,0.91053657,0.089463434,0.14505287,0.88567653,0.11432723,0.7142857142857143,7.8071703,139.18294,0.8938807209015681
67,Расчет 1 1000.csv,Расчет 1 1000,04/01/2026 10:08:30,DP 6,6,0.8,1,1000,9.866879223893614e-07,8.502289077828646e-08,1039.85,0.0060387579999999,0.030759478496,0.0008550299999999,3.9455526100000005e-05,0.00083438,0.0385271020221,0.175227155,0.2137542570221,0.19396231,1076.3134,-0.030804257,-4.4778504e-05,0.027725205,-5.3229779e-06,0.80002065,-0.036843015,0.80085503,-0.20295236,3283.8157,5.4460814,1072.8521,0.93003753,1077.6815,1057.5517,2627.05256,0.19396231,0.93003753,0.069962469,0.16630173,0.91317817,0.086825588,0.7619047619047618,7.8431229,136.80436,0.9327297725947106
58,j-cell-40x40-xchem2t-dp-params-5.csv,j-cell-40x40-xchem2t-dp-params-5,07/18/2024 18:06:15,DP 12,12,0.5,10,1000,9.866879223893611e-06,8.502289077828646e-08,800.0,0.080404099,0.047164249926,0.0008977799999999,4.03213318e-05,0.0008766799999999,0.1293831302577999,0.093233424,0.2226165542577999,0.20839039,821.19787,-0.047210011,-4.5761074e-05,0.017554046,-5.4397422e-06,0.5000211,-0.12761411,0.50089778,-0.11078747,3355.8569,0.41738299,836.71108,0.92915779,842.36896,825.57142,1677.92845,0.20839039,0.92915779,0.070842207,0.13227477,0.88834172,0.11165828,0.4761904761904761,96.064336,106.70632,0.9365233926930648
57,j-cell-40x40-xchem2t-dp-params-5.csv,j-cell-40x40-xchem2t-dp-params-5,07/18/2024 18:06:15,DP 11,11,0.55,10,1000,9.866879223893611e-06,8.502289077828646e-08,800.0,0.06996546,0.037139031381,0.0006448499999999,2.97808616e-05,0.00062927,0.1084083922425999,0.0746291799999999,0.1830375722425999,0.20881174,814.60074,-0.03717283,-3.3798619e-05,0.012524717,-4.0177574e-06,0.55001558,-0.10713829,0.55064485,-0.087153897,2478.6144,0.35417993,825.28917,0.93983541,829.11461,817.66125,1363.23792,0.20881174,0.93983541,0.06016459,0.14954239,0.90972122,0.090278777,0.5238095238095238,95.025222,104.24058,0.9457095753999022
56,j-cell-40x40-xchem2t-dp-params-5.csv,j-cell-40x40-xchem2t-dp-params-5,07/18/2024 18:06:15,DP 10,10,0.6,10,1000,9.866879223893611e-06,8.502289077828646e-08,800.0,0.0591131639999999,0.029343468314,0.00048263,2.2481665e-05,0.00047087,0.089432613979,0.0654120448,0.154844658779,0.20910328,810.16646,-0.029368983,-2.5514686e-05,0.0092371912,-3.033021e-06,0.60001176,-0.088482147,0.60048263,-0.074649236,1871.1165,0.31648448,817.6375,0.94722935,820.25104,812.36233,1122.6699,0.20910328,0.94722935,0.052770651,0.16487933,0.92470475,0.075295246,0.5714285714285714,94.327346,102.56231,0.9557750879125312
66,Расчет 1 1000.csv,Расчет 1 1000,04/01/2026 10:08:30,DP 5,5,0.85,1,1000,9.866879223893614e-07,8.502289077828646e-08,1054.85,0.0036714269999999,0.018649107049,0.00051391,2.39595471e-05,0.0005013699999999,0.0233597735960999,0.15457856,0.1779383335960999,0.20033938,1074.4902,-0.018676299,-2.7191951e-05,0.0168037,-3.2324039e-06,0.85001254,-0.022347726,0.85051391,-0.17138226,1994.1144,5.433971,1072.6212,0.94573339,1075.235,1064.3714,1694.99724,0.20033938,0.94573339,0.054266611,0.18348699,0.93541536,0.064588391,0.8095238095238094,7.8863449,134.74976,0.9635597449373178
55,j-cell-40x40-xchem2t-dp-params-5.csv,j-cell-40x40-xchem2t-dp-params-5,07/18/2024 18:06:15,DP 9,9,0.65,10,1000,9.866879223893611e-06,8.502289077828646e-08,800.0,0.049025442,0.023240570089,0.0003683799999999,1.72373977e-05,0.0003593599999999,0.0730109894866998,0.0590704081,0.1320813975866998,0.20931262,807.12004,-0.023260133,-1.9562911e-05,0.0069700599,-2.3255133e-06,0.65000902,-0.072285575,0.65036838,-0.066040468,1434.6451,0.29260908,812.38565,0.95254143,814.19294,808.70492,932.519315,0.20931262,0.95254143,0.047458572,0.17586842,0.93540255,0.064597452,0.619047619047619,93.850032,101.37829,0.9639805935200504
54,j-cell-40x40-xchem2t-dp-params-5.csv,j-cell-40x40-xchem2t-dp-params-5,07/18/2024 18:06:15,DP 8,8,0.7,10,1000,9.866879223893611e-06,8.502289077828646e-08,800.0,0.039731129,0.018218944793,0.00028113,1.31932862e-05,0.00027423,0.0585186270792001,0.0539276765,0.1124463035792001,0.20947399,804.92401,-0.018233918,-1.4973207e-05,0.0052733345,-1.7799208e-06,0.7000069,-0.057965047,0.70028113,-0.059201011,1098.0562,0.27636002,808.60153,0.95663773,809.84282,806.05675,768.63934,0.20947399,0.95663773,0.043362274,0.18417677,0.9435969,0.056403104,0.6666666666666666,93.512704,100.49194,0.9709460206227905
53,j-cell-40x40-xchem2t-dp-params-5.csv,j-cell-40x40-xchem2t-dp-params-5,07/18/2024 18:06:15,DP 7,7,0.75,10,1000,9.866879223893611e-06,8.502289077828646e-08,800.0,0.0312139519999999,0.01396632074,0.0002112199999999,9.9340463e-06,0.0002060199999999,0.0456074467862998,0.0492004380999999,0.0948078848862998,0.209604,803.30484,-0.013977595,-1.127426e-05,0.0039364819,-1.3402137e-06,0.7500052,-0.045191547,0.75021122,-0.05313692,826.79436,0.26487394,805.81212,0.95993888,806.64463,804.09716,620.09577,0.209604,0.95993888,0.040061124,0.19073741,0.95016292,0.049837077,0.7142857142857143,93.262912,99.805365,0.9770636608811879
52,j-cell-40x40-xchem2t-dp-params-5.csv,j-cell-40x40-xchem2t-dp-params-5,07/18/2024 18:06:15,DP 6,6,0.8,10,1000,9.866879223893611e-06,8.502289077828646e-08,800.0,0.023509536,0.0103298529782,0.0001538599999999,7.24992551e-06,0.00015007,0.0341505689037099,0.0443460369,0.0784966058037099,0.20971103,802.10985,-0.010338081,-8.2280218e-06,0.0028542871,-9.7809629e-07,0.80000379,-0.033847617,0.80015386,-0.047200324,603.39874,0.2566582,803.75381,0.96265744,804.28936,802.64695,482.718992,0.20971103,0.96265744,0.037342562,0.19604421,0.95554569,0.044454309,0.7619047619047618,93.081127,99.266226,0.9825009838848701
51,j-cell-40x40-xchem2t-dp-params-5.csv,j-cell-40x40-xchem2t-dp-params-5,07/18/2024 18:06:15,DP 5,5,0.85,10,1000,9.866879223893611e-06,8.502289077828646e-08,800.0,0.0167141729,0.0072479308273,0.00010673,5.03763834e-06,0.00010409,0.02417796136564,0.0388517164,0.06302967776564,0.20979923,801.2449,-0.0072536481,-5.7172727e-06,0.0019737726,-6.7963436e-07,0.85000264,-0.023967821,0.85010673,-0.040825489,419.27311,0.25084693,802.26416,0.96489806,802.58724,801.59517,356.3821435,0.20979923,0.96489806,0.035101939,0.20035459,0.95996724,0.040032763,0.8095238095238095,92.952112,98.845077,0.9872759552670771
10,calc1.csv,calc1,07/18/2024 10:57:36,DP 9,9,0.65,5,1000,4.933439611946806e-06,8.502289077828646e-08,750.0,0.038550172,0.010974018608,0.0001142199999999,5.40517302e-06,0.0001113899999999,0.0497552057810198,0.0244487038,0.0742039095810198,0.20956903,754.32578,-0.010980153,-6.134392e-06,0.0018746322,-7.2921898e-07,0.65000283,-0.049530325,0.65011422,-0.026323336,449.8641,0.11669114,755.56805,0.96452578,756.24212,754.13085,292.411665,0.20956903,0.96452578,0.035474215,0.19890819,0.95901053,0.040989466,0.619047619047619,35.786731,93.125599,0.9884284706768083
25,j-cell-40x40-xchem2t-dp-params-3.csv,j-cell-40x40-xchem2t-dp-params-3,07/18/2024 10:52:40,DP 9,9,0.65,5,1000,4.933439611946806e-06,8.502289077828646e-08,750.0,0.038550172,0.010974018608,0.0001142199999999,5.40517302e-06,0.0001113899999999,0.0497552057810198,0.0244487038,0.0742039095810198,0.20956903,754.32578,-0.010980153,-6.134392e-06,0.0018746322,-7.2921898e-07,0.65000283,-0.049530325,0.65011422,-0.026323336,449.8641,0.11669114,755.56805,0.96452578,756.24212,754.13085,292.411665,0.20956903,0.96452578,0.035474215,0.19890819,0.95901053,0.040989466,0.619047619047619,35.786731,93.125599,0.9884284706768083
50,j-cell-40x40-xchem2t-dp-params-5.csv,j-cell-40x40-xchem2t-dp-params-5,07/18/2024 18:06:15,DP 4,4,0.9,10,1000,9.866879223893611e-06,8.502289077828646e-08,800.0,0.0109577579,0.0047082942003,6.87499999999508e-05,3.25038551e-06,6.704999999995742e-05,0.0158051024858099,0.0321555132,0.0479606156858099,0.20987047,800.64407,-0.0047119831,-3.6888997e-06,0.0012691008,-4.3851419e-07,0.9000017,-0.015669741,0.90006875,-0.033424614,270.52246,0.24687609,801.22947,0.96670817,801.40613,800.86359,243.47021400000003,0.20987047,0.96670817,0.03329183,0.20379884,0.96353107,0.036468926,0.8571428571428571,92.864819,98.524071,0.991329197610074
8,calc1.csv,calc1,07/18/2024 10:57:36,DP 7,7,0.75,5,1000,4.933439611946806e-06,8.502289077828646e-08,750.0,0.0261758350999999,0.0072748208881,7.400999999995773e-05,3.5051298700000003e-06,7.217999999997726e-05,0.0336003511179699,0.0208927319,0.0544930830179699,0.20972058,752.28088,-0.0072787989,-3.9780119e-06,0.0012069591,-4.7288203e-07,0.75000183,-0.033454634,0.75007401,-0.022099691,291.72497,0.11144664,752.94253,0.96645016,753.29597,752.18538,218.7937275,0.20972058,0.96645016,0.033549842,0.20287295,0.96289298,0.037107018,0.7142857142857143,35.686008,92.612551,0.9914649330373303
23,j-cell-40x40-xchem2t-dp-params-3.csv,j-cell-40x40-xchem2t-dp-params-3,07/18/2024 10:52:40,DP 7,7,0.75,5,1000,4.933439611946806e-06,8.502289077828646e-08,750.0,0.0261758350999999,0.0072748208881,7.400999999995773e-05,3.5051298700000003e-06,7.217999999997726e-05,0.0336003511179699,0.0208927319,0.0544930830179699,0.20972058,752.28088,-0.0072787989,-3.9780119e-06,0.0012069591,-4.7288203e-07,0.75000183,-0.033454634,0.75007401,-0.022099691,291.72497,0.11144664,752.94253,0.96645016,753.29597,752.18538,218.7937275,0.20972058,0.96645016,0.033549842,0.20287295,0.96289298,0.037107018,0.7142857142857143,35.686008,92.612551,0.9914649330373303
7,calc1.csv,calc1,07/18/2024 10:57:36,DP 6,6,0.8,5,1000,4.933439611946806e-06,8.502289077828646e-08,750.0,0.0205689916999999,0.0056684869199,5.719999999997949e-05,2.70979726e-06,5.578000000006078e-05,0.02635316841716,0.01886951553,0.04522268394716,0.209784,751.55952,-0.0056715623,-3.0753801e-06,0.00093073447,-3.6558284e-07,0.80000142,-0.026240554,0.8000572,-0.01980025,225.53033,0.10964477,752.01619,0.96725566,752.25789,751.49782,180.424264,0.209784,0.96725566,0.032744341,0.2045089,0.96451074,0.035489263,0.7619047619047618,35.649286,92.418353,0.9929768870049953
22,j-cell-40x40-xchem2t-dp-params-3.csv,j-cell-40x40-xchem2t-dp-params-3,07/18/2024 10:52:40,DP 6,6,0.8,5,1000,4.933439611946806e-06,8.502289077828646e-08,750.0,0.0205689916999999,0.0056684869199,5.719999999997949e-05,2.70979726e-06,5.578000000006078e-05,0.02635316841716,0.01886951553,0.04522268394716,0.209784,751.55952,-0.0056715623,-3.0753801e-06,0.00093073447,-3.6558284e-07,0.80000142,-0.026240554,0.8000572,-0.01980025,225.53033,0.10964477,752.01619,0.96725566,752.25789,751.49782,180.424264,0.209784,0.96725566,0.032744341,0.2045089,0.96451074,0.035489263,0.7619047619047618,35.649286,92.418353,0.9929768870049953
6,calc1.csv,calc1,07/18/2024 10:57:36,DP 5,5,0.85,5,1000,4.933439611946806e-06,8.502289077828646e-08,750.0,0.0153724584999999,0.0042087470765,4.219000000005302e-05,1.99964766e-06,4.113999999999506e-05,0.01966653522416,0.01651714032,0.03618367554416,0.20984062,750.9988,-0.0042110165,-2.2694235e-06,0.00068546568,-2.6977584e-07,0.85000105,-0.019583475,0.85004219,-0.017202606,166.4254,0.10826127,751.29609,0.96797488,751.45142,750.96291,141.46159,0.20984062,0.96797488,0.03202512,0.20595898,0.96595213,0.034047866,0.8095238095238095,35.622351,92.257744,0.9944810949002788
21,j-cell-40x40-xchem2t-dp-params-3.csv,j-cell-40x40-xchem2t-dp-params-3,07/18/2024 10:52:40,DP 5,5,0.85,5,1000,4.933439611946806e-06,8.502289077828646e-08,750.0,0.0153724584999999,0.0042087470765,4.219000000005302e-05,1.99964766e-06,4.113999999999506e-05,0.01966653522416,0.01651714032,0.03618367554416,0.20984062,750.9988,-0.0042110165,-2.2694235e-06,0.00068546568,-2.6977584e-07,0.85000105,-0.019583475,0.85004219,-0.017202606,166.4254,0.10826127,751.29609,0.96797488,751.45142,750.96291,141.46159,0.20984062,0.96797488,0.03202512,0.20595898,0.96595213,0.034047866,0.8095238095238095,35.622351,92.257744,0.9944810949002788
49,j-cell-40x40-xchem2t-dp-params-5.csv,j-cell-40x40-xchem2t-dp-params-5,07/18/2024 18:06:15,DP 3,3,0.95,10,1000,9.866879223893611e-06,8.502289077828646e-08,800.0,0.0063246755,0.0027012739808,3.921000000006725e-05,1.85663709e-06,3.823999999996719e-05,0.00910525611789,0.02368092707,0.03278618318789,0.20992602,800.25227,-0.0027033811,-2.1071192e-06,0.00072318793,-2.5048211e-07,0.95000097,-0.0090280566,0.95003921,-0.024404115,154.52258,0.24431546,800.55478,0.96811972,800.63643,800.38615,146.796451,0.20992602,0.96811972,0.031880278,0.20646534,0.96630637,0.033693626,0.9047619047619044,92.810091,98.28901,0.9946421463342185
5,calc1.csv,calc1,07/18/2024 10:57:36,DP 4,4,0.9,5,1000,4.933439611946806e-06,8.502289077828646e-08,750.0,0.0106460419,0.0029004803501,2.892999999992707e-05,1.37169218e-06,2.8209999999972976e-05,0.0136050339422798,0.01366337608,0.0272684100222799,0.20989068,750.57809,-0.0029020371,-1.5567499e-06,0.00046950692,-1.8505772e-07,0.90000072,-0.013548079,0.90002893,-0.014132883,114.16148,0.10723294,750.75575,0.96861085,750.84655,750.56129,102.745332,0.20989068,0.96861085,0.031389148,0.20723376,0.96722468,0.03277532,0.8571428571428572,35.600709,92.127272,0.9959559215782463
20,j-cell-40x40-xchem2t-dp-params-3.csv,j-cell-40x40-xchem2t-dp-params-3,07/18/2024 10:52:40,DP 4,4,0.9,5,1000,4.933439611946806e-06,8.502289077828646e-08,750.0,0.0106460419,0.0029004803501,2.892999999992707e-05,1.37169218e-06,2.8209999999972976e-05,0.0136050339422798,0.01366337608,0.0272684100222799,0.20989068,750.57809,-0.0029020371,-1.5567499e-06,0.00046950692,-1.8505772e-07,0.90000072,-0.013548079,0.90002893,-0.014132883,114.16148,0.10723294,750.75575,0.96861085,750.84655,750.56129,102.745332,0.20989068,0.96861085,0.031389148,0.20723376,0.96722468,0.03277532,0.8571428571428572,35.600709,92.127272,0.9959559215782463
4,calc1.csv,calc1,07/18/2024 10:57:36,DP 3,3,0.95,5,1000,4.933439611946806e-06,8.502289077828646e-08,750.0,0.0064742904,0.00175781055308,1.7470000000074926e-05,8.2856322e-07,1.7040000000023703e-05,0.0082674395163001,0.0100916015699999,0.0183590410863001,0.20993397,750.27977,-0.0017587509,-9.4034692e-07,0.00028329843,-1.117837e-07,0.95000043,-0.0082330413,0.95001747,-0.0103749,68.957569,0.10650879,750.37259,0.96916091,750.41774,750.27637,65.50969055,0.20993397,0.96916091,0.030839089,0.20833149,0.96832414,0.031675863,0.9047619047619048,35.587594,92.024526,0.9973710093755049
19,j-cell-40x40-xchem2t-dp-params-3.csv,j-cell-40x40-xchem2t-dp-params-3,07/18/2024 10:52:40,DP 3,3,0.95,5,1000,4.933439611946806e-06,8.502289077828646e-08,750.0,0.0064742904,0.00175781055308,1.7470000000074926e-05,8.2856322e-07,1.7040000000023703e-05,0.0082674395163001,0.0100916015699999,0.0183590410863001,0.20993397,750.27977,-0.0017587509,-9.4034692e-07,0.00028329843,-1.117837e-07,0.95000043,-0.0082330413,0.95001747,-0.0103749,68.957569,0.10650879,750.37259,0.96916091,750.41774,750.27637,65.50969055,0.20993397,0.96916091,0.030839089,0.20833149,0.96832414,0.031675863,0.9047619047619048,35.587594,92.024526,0.9973710093755049
48,j-cell-40x40-xchem2t-dp-params-5.csv,j-cell-40x40-xchem2t-dp-params-5,07/18/2024 18:06:15,DP 2,2,1.0,10,1000,9.866879223893611e-06,8.502289077828646e-08,800.0,0.002749711,0.00117014690664,1.6900000000097393e-05,8.021704299999999e-07,1.650000000008589e-05,0.0039540600770701,0.01299878511,0.0169528451870701,0.20996804,800.01722,-0.0011710573,-9.1039336e-07,0.00031196889,-1.0822293e-07,1.0000004,-0.0039207683,1.0000169,-0.013310754,66.760919,0.24279004,800.15,0.96918764,800.17481,800.09961,66.760919,0.20996804,0.96918764,0.030812359,0.20847453,0.96840451,0.03159549,0.9523809523809524,92.779416,98.123545,0.9973904961996222
18,j-cell-40x40-xchem2t-dp-params-3.csv,j-cell-40x40-xchem2t-dp-params-3,07/18/2024 10:52:40,DP 2,2,1.0,5,1000,4.933439611946806e-06,8.502289077828646e-08,750.0,0.0029291665999999,0.00079351550256,7.899999999949614e-06,3.73241682e-07,7.700000000054885e-06,0.003738655344242,0.0055790972,0.009317752544242,0.20997026,750.08593,-0.0007939391,-4.2359744e-07,0.0001275207,-5.0355758e-08,1.0000002,-0.0037231057,1.0000079,-0.0057066179,31.061668,0.10604046,750.1236,0.96962204,750.13913,750.09116,31.061668,0.20997026,0.96962204,0.030377959,0.20924908,0.96924525,0.030754747,0.9523809523809524,35.578047,91.947076,0.9987083283946794
35,j-cell-40x40-xchem2t-dp-params-4.csv,j-cell-40x40-xchem2t-dp-params-4,07/19/2024 09:19:35,DP 4,4,0.9,10,1000,9.866879223893611e-06,8.502289077828646e-08,700.0,0.008105514,0.00137867766035,8.400000000019503e-06,3.98919839e-07,8.190000000074527e-06,0.009501180580189,0.00460803603,0.014109216610189,0.20998411,700.01046,-0.0013791304,-4.5273965e-07,0.00011869837,-5.3819811e-08,0.90000021,-0.0094846444,0.9000084,-0.0047267344,33.199215,0.040958104,700.10996,0.96959603,700.12823,700.0729,29.879293500000003,0.20998411,0.96959603,0.03040397,0.20919015,0.96917862,0.030821377,0.8571428571428571,81.180941,85.82171,0.9987945922042689
47,j-cell-40x40-xchem2t-dp-params-5.csv,j-cell-40x40-xchem2t-dp-params-5,07/18/2024 18:06:15,DP 1,1,1.03,10,1000,9.866879223893611e-06,8.502289077828646e-08,800.0,0.00101994931,0.00043346204119,6.299999999903605e-06,2.96893372e-07,6.100000000008876e-06,0.0014661082445619,0.00546945921,0.0069355674545619,0.20998817,799.93145,-0.00043379899,-3.3694881e-07,0.00011538219,-4.0055438e-08,1.0300002,-0.0014537483,1.0300063,-0.0055848414,24.707406,0.24223546,800.0023,0.96969936,800.00638,799.99508,25.44862818,0.20998817,0.96969936,0.030300639,0.20943565,0.96940958,0.030590423,0.9809523809523808,92.769372,98.049731,0.9989380164740194
2,calc1.csv,calc1,07/18/2024 10:57:36,DP 1,1,1.03,5,1000,4.933439611946806e-06,8.502289077828646e-08,750.0,0.00110377158,0.00029876023936,2.9999999999752447e-06,1.4043329000000004e-07,2.899999999916858e-06,0.0014085722526498,0.002359950513,0.0037685227656498,0.20998881,750.0115,-0.00029891962,-1.5938064e-07,4.7958187e-05,-1.894735e-08,1.0300001,-0.0014026912,1.030003,-0.0024079087,11.685294,0.10586107,750.02798,0.96985782,750.03214,750.01978,12.03585282,0.20998881,0.96985782,0.030142182,0.2097176,0.96971609,0.030283907,0.9809523809523808,35.575113,91.911292,0.9994836730926967
17,j-cell-40x40-xchem2t-dp-params-3.csv,j-cell-40x40-xchem2t-dp-params-3,07/18/2024 10:52:40,DP 1,1,1.03,5,1000,4.933439611946806e-06,8.502289077828646e-08,750.0,0.00110377158,0.00029876023936,2.9999999999752447e-06,1.4043329000000004e-07,2.899999999916858e-06,0.0014085722526498,0.002359950513,0.0037685227656498,0.20998881,750.0115,-0.00029891962,-1.5938064e-07,4.7958187e-05,-1.894735e-08,1.0300001,-0.0014026912,1.030003,-0.0024079087,11.685294,0.10586107,750.02798,0.96985782,750.03214,750.01978,12.03585282,0.20998881,0.96985782,0.030142182,0.2097176,0.96971609,0.030283907,0.9809523809523808,35.575113,91.911292,0.9994836730926967
32,j-cell-40x40-xchem2t-dp-params-4.csv,j-cell-40x40-xchem2t-dp-params-4,07/19/2024 09:19:35,DP 1,1,1.03,10,1000,9.866879223893611e-06,8.502289077828646e-08,700.0,0.00099938511,0.000169782099534,9.999999999177332e-07,4.9069274500000004e-08,9.999999999177332e-07,0.0011712162788083,0.000762338362,0.0019335546408083,0.20999805,699.92201,-0.00016983779,-5.5690466e-08,1.4587158e-05,-6.6211915e-09,1.03,-0.0011692229,1.030001,-0.00077692552,4.0813354,0.040832344,699.95943,0.96995034,699.96756,699.95647,4.203775462,0.20999805,0.96995034,0.030049655,0.20990056,0.96989906,0.03010094,0.980952380952381,81.168565,85.769512,0.9998176841917438
61,Расчет 1 1000.csv,Расчет 1 1000,04/01/2026 10:08:30,DP 0,0,1.05,1,1000,9.866879223893614e-07,8.502289077828646e-08,1073.15,1.2350999999999792e-08,-2.561360935784e-06,0.0,7.6347202e-11,0.0,-2.548933588582e-06,2.555122252e-06,6.188663417999852e-09,0.20999997,1073.1523,2.561273e-06,-8.7935784e-11,3.0348748e-08,-1.1588582e-11,1.05,2.548922e-06,1.05,-2.585471e-06,0.0069541899,5.4575519,1073.1517,0.96999996,1073.1522,1073.1507,0.007301899395,0.20999997,0.96999996,0.030000045,0.20999901,0.97000358,0.030000177,1.0,7.9648241,131.46736,0.9999997212572697
16,j-cell-40x40-xchem2t-dp-params-3.csv,j-cell-40x40-xchem2t-dp-params-3,07/18/2024 10:52:40,DP 0,0,1.05,5,1000,4.933439611946806e-06,8.502289077828646e-08,750.0,1.7157240000000004e-07,-3.145292031277e-06,0.0,7.3225122e-11,0.0,-2.973646406155e-06,3.914611518e-07,-2.582185254355e-06,0.21,749.97653,3.1452076e-06,-8.4431277e-11,4.8522582e-09,-1.1206155e-11,1.05,2.9736352e-06,1.05,-3.9631341e-07,0.0025574064,0.1057769,749.98306,0.96999999,749.98659,749.98187,0.00268527672,0.21,0.96999999,0.030000014,0.20999992,0.96999997,0.030000028,1.0,35.571431,91.891251,0.9999999243428234
31,j-cell-40x40-xchem2t-dp-params-4.csv,j-cell-40x40-xchem2t-dp-params-4,07/19/2024 09:19:35,DP 0,0,1.05,10,1000,9.866879223893611e-06,8.502289077828646e-08,700.0,2.1309159999999973e-07,-4.225443492792e-06,0.0,1.46292355e-11,0.0,-4.0123372635565e-06,1.683446106e-07,-3.8439926529565e-06,0.21,699.91544,4.2254268e-06,-1.6692792e-11,2.3817694e-09,-2.0635565e-12,1.05,4.0123352e-06,1.05,-1.7072638e-07,0.00091955437,0.040823021,699.94826,0.96999999,699.95952,699.94394,0.0009655320885,0.21,0.96999999,0.030000008,0.20999994,0.96999999,0.030000015,1.0,81.166,85.763396,1.0
75,Расчет 1 1000.csv,Расчет 1 1000,04/01/2026 10:08:30,DP 14,14,0.3,1,1000,9.866879223893614e-07,8.502289077828646e-08,620.3499999999999,0.03483327,0.18182389066,0.0079875,0.00026010914,0.00785141,0.2327561798,0.31849586,0.5512520398,0.090727258,1153.0983,-0.18211909,-0.00029519934,0.16475771,-3.50902e-05,0.30013609,-0.21695236,0.3079875,-0.48325357,21647.588,7.5740294,1105.439,0.70652124,1171.886,883.83141,6494.2764,0.090727258,0.70652124,0.29347876,0.032645996,0.61235318,0.38765058,0.2857142857142857,7.3136446,161.3639,1.0
60,j-cell-40x40-xchem2t-dp-params-5.csv,j-cell-40x40-xchem2t-dp-params-5,07/18/2024 18:06:15,DP 14,14,0.3,10,1000,9.866879223893611e-06,8.502289077828646e-08,800.0,0.04927675,0.1640566136099999,0.00710458,0.000221953438,0.00698845,0.227648347048,0.31780569,0.5454540370480001,0.20106351,929.79145,-0.16430851,-0.00025189639,0.14031273,-2.9942952e-05,0.30011613,-0.21358526,0.30710458,-0.45811842,18472.247,3.8560883,1031.1302,0.74513636,1065.4051,964.90029,5541.674099999999,0.20106351,0.74513636,0.25486364,0.093205627,0.55522186,0.44477814,0.2857142857142857,112.9201,148.3431,1.0002954672604545
